CustomerID,FirstName,LastName,Street,City,State,Zipcode,Phone
16226,Alicia,Brown,570 Thomas Glen Apt. 536,West Darlenemouth,New Mexico,38912,(744)354-2228x51109
19316,David,Bell,33340 Rickey Plaza Suite 121,Anthonyland,Mississippi,68504,484-481-1508x94647
87617,Thomas,Collins,78147 Christopher Estate,Jonesland,Georgia,91341,(894)653-6218x0996
26438,Mark,Wright,9192 Jackson Branch,North Lisamouth,North Dakota,78674,312640142
36224,Wayne,Ross,2238 Jason Tunnel,New Thomas,New York,55102,(135)538-6299x219
43868,Deanna,Anderson,066 Garza Knoll,Nicoleborough,Minnesota,19708,(646)434-8274x84043
20269,Rebecca,Lee,894 Kimberly Shoals Apt. 458,Port Katietown,Maine,67725,001-840-233-6377
72732,Jason,Santos,43819 Carpenter Ferry,North Edward,Montana,36101,+1-762-174-1351x16526
79121,Jim,Cruz,8587 Keith Corner,South Denise,Connecticut,81330,(849)914-8406
34229,Larry,Bullock,7159 Wade Extension,Jenniferbury,Michigan,67519,(509)306-3344x2362
54868,Christina,Kelley,402 Rowe Crossing Suite 534,Lake Davidchester,Alaska,94764,(971)342-0813x1525
41514,Jerry,Thompson,897 Walsh Springs Apt. 614,Trevinoshire,Maryland,67447,001-714-144-5572x5824
51329,John,Bowman,513 Anthony Cliffs,Zamoraburgh,Utah,20443,6715071781
63019,Patrick,Downs,22984 Collins Glen,West Sherryside,Nebraska,24282,2929247786
75380,Willie,Stuart,3073 Zhang Trafficway,Port Mary,South Carolina,77341,308-466-9158x03038
23223,Kimberly,Bishop,980 Harris Shoal Suite 927,Kennedyburgh,Oklahoma,59569,587.197.6705x2476
64298,Christian,Griffin,1080 Luis Parkways,East Josephmouth,Massachusetts,24478,+1-065-140-6272x46099
17480,Ryan,Jones,222 Moon Mills Suite 428,West Ryan,Florida,57861,001-478-304-4659x297
63290,Victoria,Mcguire,6921 Smith Shores,Markfort,Mississippi,80330,001-037-509-5985x933
75485,Kristin,Bradley,25007 Bryan Place Apt. 232,South Paulport,Louisiana,16577,492-311-9075x64678
35847,James,Watkins,258 Goodman Brook Apt. 012,North Donaldborough,Michigan,10937,001-637-678-1280
70782,Stephanie,Reyes,5136 Gwendolyn Brooks Suite 267,Belltown,Georgia,67741,-3802
45911,Richard,Rodriguez,781 Crystal Meadows,North Feliciahaven,Alabama,83677,(369)370-4576x85834
38312,Lacey,White,844 Fernandez Meadow Suite 383,Port Sarastad,Nevada,36017,001-399-134-5380x092
31725,Patrick,Hughes,56266 Chan Spurs Suite 534,New Alicialand,Nevada,63580,(685)174-5559
23696,Carlos,Mendoza,533 Acevedo Plaza Suite 715,South Sandramouth,Oklahoma,62037,001-840-265-4801
79479,Vickie,Doyle,3256 Taylor Way Suite 577,Stewartmouth,Louisiana,59568,2431521086
33837,Jennifer,Scott,54038 Mason Mountain,Berghaven,Pennsylvania,85233,068-838-0314
98663,Bailey,Mendez,442 Frank Drive,East Lindsey,Kentucky,93822,442.967.3577
46223,Larry,Edwards,10574 Smith Spur Suite 744,Kevinfort,South Dakota,40498,354-620-3450
70829,Daniel,Torres,726 Taylor Locks,New Ryanbury,Montana,38944,(293)238-6840
82231,Morgan,Mccall,98557 Duncan Well Suite 116,Holmesfort,Montana,65462,7887735100
27918,Rebecca,Hamilton,6447 Margaret Springs,New Jeffery,Indiana,87411,001-504-364-7050x2017
72596,John,May,61659 Juan Field Suite 667,South Elizabeth,Louisiana,27783,6012394817
42596,Timothy,Bennett,4203 Christina Plaza Suite 313,Ronaldville,Nebraska,70856,169.995.5697
39925,Daryl,Ward,957 Ramos Track Apt. 908,South Lauraborough,South Carolina,36864,781-030-3712x8553
50405,Donald,Merritt,659 Christina Lights,Edwardmouth,Alaska,74394,+1-555-413-7609x67768
48270,Christopher,Melton,08818 Bowen Park Suite 003,South Jessica,Utah,5276,(702)217-1840x7961
70607,Elizabeth,Adams,478 Kristy Throughway Apt. 427,Judystad,Maryland,85791,+1-921-386-5805x56694
57210,Adam,Hunter,9472 Bridges Ridges Suite 834,Anitafurt,South Dakota,72679,280.857.1772
67007,Cindy,Wilson,0549 Johns Valleys Suite 931,West Amanda,Alaska,82585,001-157-645-7876x350
54325,Justin,Lawrence,55692 Marie Groves,New Sean,South Carolina,85747,972-034-3585
33924,Renee,Gomez,88914 Brittany View,Scottland,Indiana,77242,001-136-970-0167x543
76060,Charles,Bryant,17155 Lee Road Apt. 939,Jacksonmouth,Illinois,65322,289.118.2140x3366
89948,James,Mason,01746 Lucas Harbors Suite 012,Woodhaven,Montana,83545,866-361-6366
82025,Christy,Shields,392 Guerrero Alley,West Anne,Rhode Island,42898,337-362-5252
70094,Michael,Hodge,9290 Alvarez Brook,Port Jacobborough,Alabama,97399,(738)670-4162x27384
76636,Deanna,Allen,105 Perry Ford Apt. 970,New Gabriellemouth,Oklahoma,39173,+1-702-840-3013x43886
98651,William,Dixon,2783 Perry Throughway,Millerberg,Hawaii,56162,+1-572-296-3311x7408
18281,Pamela,Graham,3317 Lane Meadow Apt. 582,New Sarahside,West Virginia,65763,-4997
16370,Charles,Odom,017 Gonzalez Parkway,Port Benjamin,Hawaii,65515,4297643552
92864,Antonio,Dennis,216 Scott Forest,Fernandezburgh,Florida,34968,+1-939-010-2346x008
30803,Anna,Mclaughlin,6780 Kevin Creek Apt. 729,Denisetown,Utah,4398,1609287468
12107,Hannah,Watson,58270 Walsh Heights,North Andrewland,Virginia,27265,3400925065
88919,Jennifer,Fernandez,332 James Run Apt. 607,East Ianbury,North Carolina,58755,+1-661-047-2538x241
69807,Brandon,Miller,52960 Wilson Well Apt. 254,Lake Jeffreyland,Virginia,9217,-2840
45004,April,Abbott,96509 Anna Bridge,North Caroline,Indiana,82867,+1-172-802-7086x94640
74856,Gail,Robinson,818 Sabrina Path,Justinfurt,North Carolina,15476,001-259-834-2889x99996
86245,Robert,Roberts,3119 Shepard Street Suite 947,Annland,Ohio,10036,-4590
68995,Ronald,Smith,9841 Wade Canyon Suite 555,West Coreyberg,Washington,80905,001-886-362-2124
86725,Jeremy,Myers,795 Olsen Prairie,Kevinborough,Alabama,49129,9534483003
48879,Bryan,Moore,790 Key Shores,Jeffersonfort,Ohio,74331,1564292957
52208,Karen,Douglas,31905 Hunter Ways,Port Anthony,Colorado,35253,(396)507-9435x05100
78309,Nicholas,Gray,996 Kaitlyn Road Suite 719,North Kyleland,Pennsylvania,61074,844.861.2961
16373,Christine,Clay,7014 Smith Turnpike,Michelleburgh,California,53445,(983)011-3025x963
14367,Shelley,Sanchez,0939 Randall Crossing,South Karen,Arizona,86322,583.316.5247x5512
23935,Shane,Erickson,05575 Christopher Trail Suite 308,Ponceton,California,7083,-7455
72941,Paige,Robinson,776 Edward Expressway Apt. 659,West Jacob,Michigan,76311,+1-535-509-1378x601
80443,Rachel,Decker,1407 Matthew Gateway,East Todd,Delaware,29923,(265)807-9699x89126
87833,Matthew,Sexton,9929 Kimberly Junction,Port Amymouth,West Virginia,59085,+1-002-466-7512x59871
50073,Alejandro,Anderson,194 Jeffrey Wall,North Kevinchester,Ohio,9380,483.394.2448x504
52624,Jon,Tate,297 Mcdonald Flat,Lisastad,New Jersey,95312,001-807-998-6280x47699
86921,Angela,Anderson,630 Samuel Center,Juliaborough,Delaware,43228,159-281-5722
37774,Phyllis,Miller,3775 Elliott Stream,Edwardsside,New Mexico,77020,877.552.5807
63811,Michelle,Flowers,4505 Torres Prairie Suite 611,Leeberg,Texas,49396,001-823-744-3885x52911
31202,Ronald,Wells,84995 Emily Village Apt. 073,Alexanderfurt,Ohio,53667,941-381-7208x5513
74521,Jerry,Jackson,02283 Michael Park,New Alexander,Georgia,18567,(396)124-3738x495
42399,Elizabeth,Johnson,698 Joseph Forest Suite 330,Rodriguezberg,Maine,38004,361.229.4572
16310,Matthew,Ramirez,331 Green Ranch,Krausemouth,California,47531,847-644-7971x1238
34133,Robert,Lewis,09759 Rebecca Track,Lake Hollyview,Florida,83995,453.999.5514x5471
66417,Aaron,Patel,89484 Lawrence Plains,Brianmouth,Minnesota,74036,722.430.6910x461
81662,Robert,White,5837 Matthews Knoll Suite 085,New Jennifer,Maine,95857,369.248.7408
53130,Randy,Thompson,61090 Misty Freeway Apt. 318,New Joy,Kentucky,36482,(612)518-1033x016
69869,Danielle,Kelly,6547 Brittany Lights Apt. 320,Brianview,Kansas,8582,900.387.4220
26034,Deanna,Johnson,9070 Gallagher Island Apt. 800,Shaneton,Minnesota,79382,746.544.5149x45029
96416,David,Fox,809 Bradley Freeway,South Mark,California,98448,071-939-4846x6619
40361,Cynthia,Smith,13352 Fisher Forge Suite 566,North Alexandriaville,Michigan,40821,(951)339-3901x331
21160,Terri,Perez,4682 Benjamin Junction,Lake James,New Hampshire,48791,623.272.3894x2757
12890,Teresa,Banks,1741 Frederick Ways Suite 113,Port Rubenburgh,Kansas,13551,+1-582-772-6768x3001
61567,Joshua,Moore,0506 Young Street,Wheelerfurt,Montana,73447,-1931
26184,Stacy,Torres,8795 Manuel Fields,East Kayla,South Dakota,8607,945.557.7799x1261
34145,Jacob,Adams,8429 Dillon Hills,East Kelseyton,Massachusetts,26616,001-946-405-2917
76801,Sydney,Brewer,246 Merritt Pine,Tracybury,Iowa,73624,001-340-757-1814
81552,Rodney,Cantrell,369 Ayers Village,Tinaton,Maine,43512,(316)361-5314x707
83952,Tyler,Floyd,3102 Michelle Meadow Suite 885,Lake Richard,Maryland,45577,(563)959-4300x08560
84964,Sarah,Black,8800 Pollard Court,Port Amanda,Alaska,31762,181.057.6619
26582,Deanna,Heath,6608 Odom Ports,New Sophiamouth,Colorado,1677,(689)040-0684
88903,Robert,Watkins,2628 Nicole Club,Andrewtown,Maryland,45002,042-121-4076x70969
37091,David,Conley,5888 Merritt Neck,South Jeffhaven,Missouri,22278,(244)212-3263x667
33711,Amber,Weeks,566 Nichols Streets,Port Lindsay,Hawaii,64418,001-106-458-1147x420
92806,Diane,Murray,4667 Karen Junction,Watkinsside,California,81537,9873613311
24454,Gordon,Andrews,5434 Michael Tunnel,Lake Tonyashire,North Dakota,96336,(286)010-3046x475
45446,Eric,Butler,3444 Ramirez Stravenue Suite 862,South Matthew,Vermont,9472,445.041.3505x8553
90043,Robin,Peterson,85926 King Track Apt. 240,West Catherine,New Hampshire,81929,+1-588-995-0687x63675
26060,Christian,Anderson,5292 Wilson Manor,South Matthew,Wisconsin,1614,569-937-7733
44410,James,Ramos,82937 Gary Lights,North Heather,Connecticut,95813,(902)302-2478x729
21062,John,Morrison,73761 Rickey Ridge Suite 769,West Patrickfurt,Missouri,95821,+1-498-745-9939x1433
38496,Erica,Smith,11441 Jessica Extension,Penafurt,Arkansas,16343,576-469-5102x36147
11657,Jeremy,Mahoney,70182 Murray Island,East Bradleyport,New Mexico,88455,+1-654-440-1867x16795
72402,Stephen,Mack,422 Franklin Ramp Suite 192,East Julianshire,Kentucky,54601,770.366.8728
37527,Henry,Garcia,8170 Ramirez Road,East Feliciashire,Maine,93927,2930884867
31747,Grant,Foster,976 Diane Wall Suite 650,New Christophertown,Missouri,39226,854.337.6266x41610
90919,Shelby,Singleton,3534 Martin Rapids,East Alison,North Dakota,12559,(073)691-2889x19410
10906,Lisa,Rose,48832 Murphy Skyway Suite 627,Rhodesmouth,Minnesota,70435,001-240-286-3266x15819
21368,Elizabeth,Williams,857 Dunn Field,Anthonyshire,Nevada,80682,899.822.7756x945
35832,Andrew,Robinson,438 Frank Rapid,Port Zacharybury,New Mexico,88265,2191232896
52819,Sherri,Collins,878 Angela Drives Apt. 943,Brentburgh,Nebraska,16411,189-768-6670
50379,Bradley,Hayden,9962 Amber Bridge,Port Malikberg,Virginia,6536,754-639-4123x969
68927,Jennifer,Cox,1683 Alexandria Haven Suite 603,Port Joshua,Indiana,70944,+1-224-394-5183x5458
33100,Kelsey,Velasquez,098 Campbell Corners,Lake Ronnie,Washington,60104,(390)795-1464x81949
72594,Daniel,Hicks,87917 Williams Road Apt. 325,Hicksville,Oklahoma,35656,8887485957
33863,Andrew,Robles,528 Scott Knolls Apt. 733,Port Joyce,Nebraska,19194,258-858-4316x140
75223,Kevin,Lopez,95013 Williams Unions,Port Briantown,Minnesota,33352,001-081-500-5047
31962,Jason,Castro,02209 Kelli Tunnel Apt. 350,Adriennemouth,Louisiana,66462,001-907-038-5392x242
72149,Christopher,Bush,9488 Burgess Glens,South Alexander,Virginia,49903,001-347-357-2349x802
63181,Isaiah,Lucero,33877 Paul Greens Suite 877,Natalieville,California,32982,001-580-956-3903x5668
85101,Joshua,Walton,8619 Acevedo Walks,Middletonchester,Connecticut,47093,(843)612-6131x045
19553,Diane,Gordon,73857 French Land,Smithtown,Kentucky,19602,481-636-4656x0086
24582,Jennifer,Morrow,24852 Elizabeth Ranch,Jacksonton,Idaho,29058,(413)901-3939x13400
39089,Emily,Frank,463 Buckley Lodge Suite 629,New Rebeccafort,Louisiana,47493,001-616-625-5123
52682,Kevin,White,4907 Robinson Drive,Juanview,Arkansas,12241,372621934
68775,Amanda,Blake,0170 Eric Crossroad Suite 632,Kristifort,Massachusetts,48938,179.107.8016x04545
87725,Kelly,James,845 Sawyer Club,West Mirandafurt,Utah,76992,001-286-490-3119x5748
60840,Daniel,Jenkins,5882 Gilbert Center Apt. 661,Joshuafurt,Maryland,57488,2863714862
73950,Chris,Robinson,4720 Lambert Neck,Port Danielleshire,Tennessee,40678,837-933-3256
69115,Jerry,Evans,30067 Nicholas Manors,New Kimberlyfurt,Hawaii,85463,6825750461
45819,Dawn,Foster,8572 Melendez Motorway Suite 449,Castilloburgh,Minnesota,62607,(562)472-5619x4105
89729,Brian,Bush,08174 Sabrina Meadow Apt. 246,Robertland,West Virginia,79140,-8597
28570,Daniel,Hawkins,4167 Marshall Passage Suite 335,East Douglasmouth,Ohio,38776,035-284-8506x51311
42117,Dawn,Foster,202 Karen Radial Apt. 689,New Angelfurt,Iowa,60552,059-569-0878x0630
59536,Walter,Robbins,2550 Daniel Ridges,Hallberg,Kansas,23517,5100133517
24339,William,Richardson,737 Donna Creek,Port Lisachester,Florida,27395,281-276-3461x13149
76688,James,Beck,962 Justin Lodge,East Lisa,Rhode Island,645,100.888.1910x21316
35538,Heather,Wood,445 Cynthia Mount Suite 937,Deckerside,Wyoming,77559,582-632-4322
28449,Drew,Fisher,3029 Aaron Point Apt. 355,Port Amanda,Arkansas,53513,-3259
39235,Zachary,Yang,505 Miller Ridges,West Meghan,Kentucky,32455,273.705.1307x94614
62834,Mary,Miller,80230 Fernandez Manor,South Patricialand,Maryland,82163,289-539-4902x8952
21000,William,Noble,413 Thomas Village,Adamfort,Ohio,73204,868.079.4572x88859
29209,Douglas,Stone,6535 Molina Underpass Apt. 484,Mendezville,Illinois,63257,380.240.2334
75485,Carrie,Hammond,2511 Tammy Row Suite 497,North Troy,South Carolina,11369,001-829-361-2162
56329,Frank,Holder,0614 Soto Ways,Brandonbury,Oregon,24209,+1-017-857-0741x36043
70633,Rachel,Phelps,90054 Parker Unions,Christopherville,Louisiana,10864,(342)600-6095x7342
33931,Philip,Sloan,9735 Heather Station Apt. 904,Lake Deborahmouth,Ohio,6791,001-012-001-2249
22875,Victoria,Soto,92920 Ramirez Road,East Jessicabury,Michigan,91125,(702)641-9252x53047
66088,Lisa,Wheeler,39994 Jerry Shores Apt. 597,Darlenehaven,New York,32631,+1-525-218-0466x6587
33710,Justin,Garcia,093 Johnson Land,Lawsonmouth,Tennessee,10742,001-450-129-3178x84332
36402,Tyler,Cardenas,979 Hayes Keys Apt. 763,Dakotaberg,West Virginia,64814,527.468.7929x6017
33228,Jacob,Gilbert,53406 Martinez Mission Suite 870,East Tiffany,Indiana,66258,001-213-594-7023
69693,Lisa,Hernandez,88353 Hess Manor Apt. 409,Port Jenniferland,Massachusetts,54205,804.600.9960
74995,Austin,Sanders,4748 Wilcox Course Suite 410,Lake Jamiestad,Indiana,72391,1008409304
35146,Megan,Willis,6508 Phillips Parks Suite 804,Blairview,South Dakota,31531,001-003-651-8030x564
66059,Bryan,Klein,524 Lee Station,Wilsonborough,Nebraska,51926,+1-734-967-0986x5841
76862,Cindy,Jones,26135 Phillips Falls Apt. 062,Brandonland,Nebraska,1303,346.345.0961x1880
90467,Christina,Watkins,08348 Erin Summit Suite 305,Brookstown,Georgia,59814,001-839-830-6220
31672,Katherine,Rivera,96845 Eric Overpass Suite 436,South Brittany,Maryland,65319,(710)771-1785x7494
50634,Derrick,Jones,1540 Lopez Lights Suite 702,Landrymouth,South Carolina,58864,912-610-1053x25748
37688,Cindy,Kramer,59506 Bradshaw Fields Apt. 587,North Calvin,New Hampshire,2421,453-398-6544x5945
40854,William,Mullins,9593 Olsen Gateway,North Richardmouth,Michigan,87743,+1-315-767-9759x36979
74625,Nicholas,Hill,77580 Carlos Gateway Suite 961,West Sherrychester,Kansas,64760,(323)420-0786
36276,Nicholas,Ortiz,5984 Ethan Loaf,East Jordanmouth,Arkansas,20171,(880)435-6672x9961
12922,Curtis,Martin,9459 Pennington Tunnel,Alexandershire,Massachusetts,47917,420.265.3169x8611
18576,Sarah,Martin,852 Smith Mountains Suite 895,West Saramouth,Pennsylvania,44243,-9708
16572,Gordon,Scott,94586 Samantha Green Suite 333,North Michaelville,New Hampshire,32465,228-806-5261x5342
35253,Tristan,Garcia,796 Young Lodge Suite 873,South Nicolestad,Oklahoma,73825,(109)255-5276x791
23743,Justin,Lynch,903 Hahn Crest Apt. 086,Saramouth,Maryland,34937,535-613-5364
77098,Kenneth,Carrillo,508 Andrea Tunnel,West Elizabethport,South Carolina,65013,001-297-908-6659x0481
28855,Robert,Chambers,44722 Perry Estate Apt. 229,North Joeton,Oregon,95509,001-509-672-9482x7315
32128,Eric,Sharp,15745 Smith Parkways Apt. 417,Hernandeztown,New York,14306,+1-598-867-7301x81954
96226,Lori,Brooks,005 Brett Inlet Suite 131,Martinton,New Mexico,72496,381.593.2029x3465
67192,Tracey,Petersen,7579 Kimberly Gateway,Port Steven,Oklahoma,94393,239.988.0658
71878,Stephen,Kramer,35025 Lisa Ferry Apt. 241,Hallfurt,West Virginia,53271,001-677-746-5461
90141,Charlotte,Gordon,7295 Carolyn Mount,Janiceshire,Texas,27690,524-883-3434x1441
77464,Rachel,Bishop,8885 Samantha Expressway Apt. 534,West Tiffany,New Hampshire,30794,1535241460
23447,Christian,Hampton,9259 Nathan Views,New Mitchellborough,Colorado,60597,+1-617-744-6048x43735
19207,David,Henderson,995 Matthews Fords,Silvaborough,New Mexico,72385,-4987
99637,Heather,Morgan,43081 Johnson Isle Apt. 121,Smithchester,Oklahoma,88751,001-105-833-9571x62748
94146,Nancy,Stone,336 Miller Points Suite 870,South Hunterfort,Kansas,58120,(578)510-1120
65320,Eddie,Miller,689 Scott Flats Apt. 549,Garciashire,Kentucky,83256,+1-210-270-7026x311
21732,Steven,Bell,74359 Richard Flat Apt. 561,Port Misty,Texas,16531,001-207-325-1530x9513
29188,Kevin,Moore,79882 Barnes Hill,West John,Florida,83001,468.946.9626x639
51442,Katie,Carpenter,4679 Smith Ports,Currymouth,Maryland,61819,232-504-5997x5251
82782,Angela,Hartman,74278 Jennifer Trafficway Suite 985,Lake John,Michigan,81202,(672)202-5684x2384
12508,Linda,Fields,1886 Christian Plains,Tylerborough,Virginia,4518,946.967.9501
79604,Jessica,Brown,259 Anthony Pass Apt. 659,Lindsayland,Oklahoma,74395,001-518-404-6659x363
18495,Amy,Delgado,865 Greene Parkways,Port Brandi,Washington,36080,-2027
48246,Megan,Aguilar,6063 Charles Center,North Michael,New Mexico,34438,318.825.8766x4545
34817,Kelly,Marks,2334 Johnathan Light,New Edward,North Carolina,34403,709.303.6911x899
86732,Michael,Richards,648 Perez Flats,North Elizabethside,New Hampshire,77094,+1-975-039-0434x691
61063,Ross,Mcdonald,065 Murphy Light Apt. 675,Rivasland,Kentucky,1604,179-667-6387x1201
96480,Stacy,Sherman,743 Cindy Valleys Suite 907,Conniechester,Maryland,80610,536.420.0944
53607,Kelly,Haas,123 Dan Pike Apt. 183,Gutierrezhaven,Utah,75755,8611861312
33563,Gina,Collins,8706 Salas Hollow Suite 018,Kellychester,Louisiana,38990,001-088-755-9565x852
86082,Julian,Wright,155 Roy Mission,Port Maryberg,Illinois,85296,9355139463
84144,Matthew,Garrett,8991 Hudson Branch,North Alexander,Georgia,39842,(211)435-0811
22395,Angela,Holden,1206 Victoria Burgs,New Frank,Georgia,68682,(034)279-1690
99372,Ronald,Cortez,79516 Neal Meadow,Port Kelsey,Wyoming,83065,(626)547-1050x238
35688,Michael,Roberts,961 Daniel Islands,Patricktown,Delaware,5489,001-464-297-9116
85965,Lindsey,Wilson,0029 Hamilton Highway,West Charleschester,Maine,21235,083.311.5955
13935,Joy,Heath,2668 Amy Pine Apt. 162,West Martha,Massachusetts,59258,675.916.5410
95021,Dominique,Taylor,1233 Travis Bypass,Port Christopher,Ohio,46310,(547)242-5708x72132
15642,Matthew,Mooney,396 Teresa Junction,Stephaniemouth,Connecticut,30483,564.329.9888
74444,Christopher,Romero,5732 Simmons Greens,East Gregory,Georgia,65851,(640)794-9601
27205,David,Alvarez,4196 James Hills Suite 225,West Joelland,Maryland,75524,001-697-884-6101x702
16476,Paul,Porter,39122 Simmons Ridge Apt. 813,Williamsmouth,Mississippi,3776,001-627-606-1696x6987
83341,Melissa,Wagner,3244 Andrew Vista Apt. 219,Coreystad,California,16804,(233)738-8921x11300
49261,Joshua,Gonzalez,8340 Leslie Expressway Apt. 803,East Kirkville,New York,71067,001-139-969-4516x26051
67142,Meghan,Winters,199 Diana Valley,Vanessaport,West Virginia,3238,001-237-555-6143
85758,Monica,Sanders,5626 Elizabeth Track Apt. 814,Port Amanda,Wyoming,25849,001-589-859-0592x93808
80581,Joel,Jones,67987 Lori Heights Suite 513,Kathyberg,Indiana,38791,(605)394-2409
85073,Mia,Harris,449 Fuller Garden,West Leah,Iowa,22414,001-996-934-4458x6464
69826,Jacob,Ramirez,15105 Hernandez Landing Apt. 103,East Alexis,Alaska,63249,001-341-682-3895x7298
94844,Jesse,Whitney,7526 Williams Tunnel Suite 962,Jeffreyborough,South Dakota,10431,001-144-496-3648
61092,Scott,Cunningham,551 Michael Summit Suite 687,Lake Curtis,Mississippi,59869,463.251.0099x58900
68344,Glenn,Boyd,6652 Torres Meadow,Stewartside,Tennessee,86326,691-991-0946x1897
25154,Amy,Walsh,32639 Hammond Drive,North Wendyside,Oklahoma,4311,849-256-3025x96790
41749,Austin,Snyder,1633 Greene Burgs,Lake Rachel,Minnesota,58922,(695)102-3393x8460
40309,Makayla,Olson,77224 Harris Hill Suite 259,Lake Antonio,Oklahoma,91899,3474860196
21286,Nicole,Thornton,1114 Hughes Islands,West Anaberg,Michigan,84399,-5147
32165,Kristi,Simmons,30303 Hamilton Orchard,Chadland,Missouri,26446,329.263.7523x34160
31150,Candice,Hill,54766 Charles Club Suite 405,Masonborough,Texas,16970,4042996120
81926,Antonio,Howell,64238 Sullivan Road Suite 697,Allenland,Mississippi,88010,012.803.0103x3235
14363,Timothy,Herman,39069 Mcclure Roads,Jameshaven,West Virginia,27148,077-468-8243x50107
48449,Travis,James,39642 Candice Highway Apt. 737,Smithtown,Massachusetts,42420,001-743-510-0152x446
19683,Jennifer,Francis,2404 Green Lodge Apt. 921,Troyberg,Missouri,66679,(741)738-5373
27823,Jacqueline,Watts,0194 Bradley Mall Apt. 751,Fieldsfort,Pennsylvania,73958,439-979-5145
30606,Travis,Hill,98758 Dunn Junction,Millerfort,Indiana,14952,(376)665-9389x11468
65051,Cindy,Gonzalez,307 Dominguez Run,Johnsonborough,Kansas,96973,+1-493-956-8756x751
75764,Carolyn,Cook,6237 Schroeder Course Apt. 248,South Samanthachester,Minnesota,99787,+1-000-792-9362x973
37810,Jody,George,672 Newman Squares Suite 967,South Williammouth,Utah,35712,8947484808
51007,Jessica,Rodriguez,1555 Brenda Manor,North Denisefort,Washington,56627,+1-221-550-6144x2835
14785,Madison,Russell,166 Erik Haven,Danielberg,Utah,49355,989.835.7555
69158,Thomas,Evans,92516 Kennedy Oval,East Nathan,Georgia,39931,6767263583
25036,Robert,Braun,265 Tiffany Field,Brooksfurt,South Carolina,50782,(951)980-4891x881
42427,Henry,Wheeler,07663 Nicole Walks,Angelabury,New York,44462,113-689-1385
96358,Erica,Murillo,974 Monica Pine Suite 655,East Stevenburgh,Massachusetts,86493,001-241-294-2139
49483,Kaitlyn,Howard,7756 Gregg Meadows Apt. 192,Gavinhaven,New Hampshire,1584,(482)836-8250
82038,Mitchell,Mitchell,641 Rebecca Summit,East Ericberg,Idaho,25397,150.819.3620
62619,Jean,King,972 Nathan Oval,South Jonathanstad,Connecticut,95231,001-597-069-9928x3619
62281,Kristin,Mitchell,8271 Hurst Highway Suite 323,East Jessica,Maryland,94936,+1-645-228-9495x853
11658,Melissa,Austin,0859 Palmer Highway Suite 299,East Bradley,Massachusetts,1543,(268)211-4508x948
73464,Katrina,Henry,5576 Alvarez Manors,South Kristaburgh,New Mexico,87863,521-361-9123
47297,James,Villarreal,04610 Christian Shoal,Port Colleen,New York,99157,669-767-9723x8361
31924,Jacob,Adams,708 Miller Valley,Davisland,Texas,25204,903-599-5058
16758,Michael,Welch,1446 Jessica Radial Apt. 949,New Ronaldstad,Indiana,1309,2229327776
91269,Justin,Dunn,75658 Austin Canyon Suite 825,Brandonton,North Dakota,14716,012-614-4500
70144,Alan,Blackburn,65808 Laura Parkway,New Meghan,Nevada,58461,+1-982-664-4595x695
94364,Tami,Cruz,35553 Christina Trail Suite 128,Walltown,Nebraska,83228,922-140-6078x9717
82662,Jenna,Taylor,950 Pierce Island,Thomasborough,Kansas,31633,8926592775
42396,Ellen,Brady,7635 Young Drives Apt. 312,Lake Tamiville,Wisconsin,88597,940.829.2610x825
22511,Scott,Davis,24049 Jordan Mill,East Saramouth,Nebraska,1288,-10130
56458,Angela,Cooper,18572 Thomas Drives Suite 091,Mooremouth,Arkansas,95388,-6318
56024,Christopher,Reyes,8356 Chavez Road,Suzannetown,New Mexico,35541,290-094-5745
21629,Alyssa,Garcia,6196 Daniel Trace Suite 381,Stephanietown,Washington,25664,(083)429-1057
31551,Benjamin,Robertson,43948 Kent Highway Suite 060,East Kyleville,Arkansas,45832,001-550-898-9584x951
44857,Tyler,Sweeney,404 Ramirez Freeway,South Kayla,Minnesota,41596,001-616-103-9472x1182
88740,Sean,Smith,8618 Christine Fords Suite 373,East Craigborough,Indiana,75148,7339920620
91751,Crystal,Garza,18675 Melissa Gateway,East Leslieside,Kansas,39187,546-678-4496
88390,Daniel,Rice,051 Adrienne Plaza,Christinaview,South Carolina,33705,(868)012-1286x07410
10369,Kerry,Moore,2494 Harris Divide Suite 367,East Allen,Massachusetts,73911,(423)946-8307x1826
28193,Jessica,Booker,37829 Sanchez Throughway,Port Amber,Nebraska,59022,(816)042-3001x4729
75489,Geoffrey,Raymond,1158 Stacy Springs,Reyeshaven,Illinois,82510,(160)491-8557
99975,Sue,Gray,428 Fletcher Wall Suite 149,Michaelmouth,Maine,4578,564.923.6890x926
98341,Anthony,Atkinson,97030 Mike Ferry Suite 634,Elliotttown,Oklahoma,25821,832-653-1140x89361
48215,Amanda,Pittman,4395 Simpson Ford Apt. 193,East Lanceport,Nebraska,12076,-9091
90961,Michael,Wells,27928 Gonzalez Viaduct,Lake Mariahport,Pennsylvania,43138,779.181.0197x5443
50909,Elizabeth,Tapia,6383 Zimmerman Extensions Suite 835,Johnsonview,New Jersey,90735,+1-838-412-9216x18369
18365,Jason,Davis,0015 Vega Valleys Suite 205,Randystad,New York,41561,(012)293-3063
22048,Lee,Flynn,1818 Christine Radial,Brianfurt,Tennessee,81936,080-790-7275x4608
74260,Patrick,Fleming,177 Cook Parkways Apt. 210,East Brianhaven,Hawaii,64229,001-787-075-5270x6096
57544,Janet,Reyes,107 Zachary Land Suite 184,Vincenthaven,Minnesota,51452,001-319-577-6302
61970,Heather,Mendez,8969 Ryan Mills Suite 351,Sweeneyfurt,Rhode Island,60485,001-744-049-0693
55709,Kathryn,Thompson,55411 Gray Walks Suite 001,Lake Gary,Louisiana,22518,785-108-6834
17488,Sarah,Kent,731 Phillip Highway Apt. 184,Port Stephanie,Missouri,5305,001-005-462-9100
86328,Edward,Morrison,170 David Summit,Port Candiceview,New Mexico,71655,093.210.3243
42361,John,Tucker,5850 Sanders Forks Suite 677,Parkhaven,Minnesota,26326,(959)231-2202x3305
88729,Jennifer,White,495 Wagner Heights Apt. 425,New Melissa,Missouri,78266,490.679.0284x41236
47024,Kimberly,Clements,65292 Linda Stravenue,East Kelsey,Colorado,60783,-6318
76065,James,Dudley,423 Bennett Expressway Apt. 467,Danielfort,Utah,8442,(779)204-9240x7701
15535,Scott,Jackson,39771 Ashley Mission Suite 931,New Jade,Wisconsin,40766,(570)059-0084
46427,Katherine,Ochoa,686 Jonathan Centers,Lake Janet,Colorado,6508,700.067.8850x61417
69959,Kathleen,Moore,708 Ortiz Tunnel,Lake Nathan,Connecticut,16684,-6275
81044,Lisa,Livingston,2179 Mclaughlin Place,West Andrewview,Idaho,22837,029-976-1154x857
93881,Daniel,Johnson,511 Cathy Roads,South Brandonport,Kansas,77631,208-614-4768
62134,Brian,Carpenter,568 Shea Ways Apt. 357,Melissaside,Louisiana,68110,001-333-726-3724x475
21581,George,Nash,50955 Ward Villages,Port Brianberg,Tennessee,82336,822-105-3373
80887,Kelsey,Garrett,5643 Erica Ville,South Hannahhaven,Utah,53658,625346950
76329,Lisa,Hopkins,53798 Foster Lodge,Spencerview,Utah,37706,622.500.6046
62172,Rebecca,Lopez,1422 Maxwell Greens Apt. 777,East Margaret,Tennessee,60625,(819)479-7537
19199,Gabriel,Ware,63800 Riley Unions,North Peter,Maine,5170,+1-559-914-0691x7200
27792,Cindy,Kim,791 Sanders Land,Millerside,Pennsylvania,57611,347.161.8052x95102
91393,Dennis,Petersen,7834 Robin Forest,Barnesberg,Ohio,84756,(040)684-5166x27878
40848,Christy,Hernandez,6885 David Unions Apt. 190,South Pamland,Minnesota,60771,623-777-8962
78896,Lori,Stuart,3323 Hunter Fields Suite 865,West Travisfort,Ohio,68948,-7815
59751,Jacob,Miller,9241 Sweeney Hills,Lindseyville,Massachusetts,83406,759.925.2663
72159,Christopher,Sullivan,6619 Michael Spurs Suite 068,Erinton,Kansas,3000,5671288214
63293,Austin,Jackson,62254 Lewis Shoal Apt. 912,Meganhaven,Texas,54682,391.017.9511x17381
36643,Paul,Bradley,08623 Peter Union,Lake Scottville,Idaho,41179,(226)601-6252
27931,Alfred,Henry,70378 Christian Station Suite 912,Anthonyville,Wisconsin,76500,9611735200
95549,Kara,Fisher,869 Houston Crescent Suite 678,New Aaronland,Massachusetts,34867,-4344
75986,Trevor,Johnson,4704 Samantha Pine,Ortegashire,Nevada,80814,185.798.1232
99621,Sara,Pennington,048 Jennifer Circle Apt. 910,South Carriebury,North Dakota,25230,167.528.7300x136
17330,Joseph,Miller,2883 Ward Shoal,New Michealhaven,Georgia,53651,723.274.7974
95451,Amy,Moore,580 Fischer Knolls,Scottton,Pennsylvania,73603,+1-483-581-4523x2297
36441,Kelsey,Bennett,754 Patrick Gardens,North Pamelastad,Kentucky,50826,152.739.4721
28370,Linda,Washington,808 Graham Rapids Suite 641,Meyerborough,Massachusetts,78274,+1-211-327-4260x467
60334,Edward,Anderson,87639 Ariel Shore,Brownland,Florida,61065,3888802388
74405,Mary,Bailey,69443 Sheila Highway,Port David,Montana,28007,+1-828-038-3741x92199
38168,Curtis,Dunn,615 Ward Falls Suite 100,Perezmouth,Louisiana,24320,140-007-7369
74979,Jamie,Anderson,905 Carlos Walks,Rhodesfort,Nevada,40206,1261903107
37860,Karen,Miller,08115 Davis Way Apt. 668,East Matthew,Virginia,40171,(558)400-8305
12397,Lisa,Arroyo,42687 Reyes Shoal,North Jack,Indiana,9508,+1-927-553-8475x16527
53671,Thomas,Sanders,95539 Joseph Green,Paulaton,Missouri,47341,192.835.3852
58022,Brent,Shaw,029 Yang Station Suite 730,Harrismouth,North Carolina,89904,176.411.4420x356
66997,Alex,Jones,8147 Murphy Corner,Jenniferburgh,South Carolina,35155,489.411.0224x071
59985,Amanda,Smith,58700 Kimberly Flat,South Rhonda,Oregon,25853,(553)991-1932x8582
66358,Melissa,Tran,6272 Austin Motorway,Thomashaven,West Virginia,38906,625-927-2681x393
85738,Kimberly,Sims,28638 Matthews Greens,Lake Katiestad,Wyoming,28792,+1-080-644-0057x52826
73154,Joshua,Watson,0497 Johnson Junctions,Molinamouth,California,37466,(819)316-3236
80328,Laura,Morris,80408 Thomas Greens,Susanview,Tennessee,69133,+1-002-562-2898x115
11808,Rachael,Patel,6215 Hopkins Ways,North Jeremiahstad,Texas,6972,248-272-3437x53067
83100,Roger,Wiggins,8317 Holly Garden,Jonesfort,West Virginia,43317,(467)413-5037x830
68113,Virginia,Gardner,952 Mccoy Flat Suite 359,Jonathanfort,New Mexico,29244,314.237.7038
81008,Sara,Romero,6638 Connie Parkway Apt. 094,Jacobfort,Connecticut,76765,226-439-0587
80291,David,Edwards,36577 Hunter Isle Apt. 061,Aaronfurt,Texas,97025,001-760-794-5817
76439,Michael,Mcgee,1707 Gabriel Ridge,New Kevin,Tennessee,12817,183.863.6930x91432
85962,Dustin,Lynch,4584 Shannon Isle Apt. 692,Parrishberg,Minnesota,10362,3357316824
46589,Carrie,Carr,38666 Williams Lane,South Austin,Delaware,71297,-6914
18848,John,Nelson,520 Sandra Wells,Jasonport,Kentucky,17811,001-075-743-1619x68860
57516,Deborah,Dillon,0061 Ronald Village,Lake Richard,Arizona,39476,001-532-772-3533x69942
98538,Christine,White,8728 Tina Vista Apt. 220,Snydertown,Maryland,48330,(274)950-5018
42566,Steven,Turner,2546 Michael Grove,North Melanie,West Virginia,84518,524.202.5672x735
35800,Stephanie,Nixon,52182 Laura Junction,West Victorialand,Alaska,49640,001-167-146-7992x09192
14093,Ann,Marquez,6345 Jerry Plaza Suite 784,Sherryfurt,South Dakota,45297,858-884-2940
12151,Daniel,Clark,98846 Lester Lane Suite 629,Wrightville,Connecticut,52145,708-706-3567
73224,Alexa,Patton,07855 Jesse Pass,Shannonmouth,Ohio,95817,1117460614
87145,James,Allen,5820 Michael Station,Bonnieberg,Tennessee,14874,(603)644-0046x184
93377,Nicole,Taylor,56696 Rhodes Squares Apt. 171,Ortizshire,Minnesota,69729,(760)580-1397x953
30377,Kathleen,Fuentes,18570 Zimmerman Brooks Suite 808,Port Karenfurt,South Carolina,22773,001-705-696-0927x28159
59612,Chase,Medina,2361 Patrick Oval,Stevenbury,South Dakota,97151,(556)135-7568x6129
71525,Phillip,Lopez,47974 Rose Knolls Apt. 679,Robertchester,Texas,25488,001-821-018-9565x67607
80989,Lindsey,White,1393 Gonzales Rapid Suite 885,Joycestad,New Hampshire,64915,362.885.8259x221
39547,Jennifer,Butler,319 Aaron Loop,Stevenhaven,Arizona,60281,285.137.7882
70740,Elizabeth,Castaneda,6149 Sharon Meadow Apt. 071,North Rebecca,Pennsylvania,75523,601.280.3265x87349
96193,Tabitha,Guerrero,98272 Christopher Trail Apt. 502,Mcguiremouth,South Carolina,43993,(793)904-2835x2590
35004,Sandra,Mcclure,1545 William Junction Suite 550,New Brianna,New Mexico,59094,7385625277
59736,Jeffrey,Anderson,791 Clark Pines,New Sarahville,Hawaii,95952,628.297.2435x8158
75142,Mary,Wilson,765 Patrick Ridge,Riveraton,Maine,27518,4650370960
88287,Paula,Andrade,43251 Brad Canyon,Stevenport,West Virginia,5205,750-745-0501
79639,Sharon,Smith,55568 Brown Locks,Lake Carol,Kansas,5790,-7774
85520,James,Hansen,4856 Kurt Ford Suite 417,Port Christopherfurt,West Virginia,39289,843-451-5134x12471
12701,Richard,Chen,300 Christine Court Suite 456,Glennport,Texas,46411,4853932643
54965,Nicole,Burton,44865 Perez Vista Suite 466,Kevinland,North Carolina,82525,425.730.7043x9320
15442,Charles,Willis,4804 Robert Garden,Estradaton,Kentucky,70119,899.404.8339
31844,Todd,Jones,882 Taylor Walk Suite 937,New Angela,Delaware,25618,001-580-763-4962x225
69663,Raymond,Rodriguez,630 Silva Trafficway,Mariamouth,Delaware,64121,001-093-295-3469x3991
41181,Brian,Mccall,9372 Butler Causeway,Kellerfurt,Washington,89061,+1-364-418-8687x53230
16277,Derrick,Osborn,890 Brent Locks Apt. 153,West Natasha,Oklahoma,60406,121.058.4804
64893,Amber,Drake,9132 Richard Streets Apt. 173,Danielmouth,Montana,8591,504-489-1867x240
53606,David,Williams,202 Richard Wells Apt. 157,Aaronberg,Rhode Island,57500,216-277-5667x209
57950,Nicole,Lee,82671 Smith Lodge Apt. 330,New Gail,Kansas,49569,6679959884
63821,Michael,Rodriguez,391 Rogers Junctions,Hardingbury,Maryland,57538,+1-989-718-4987x51496
96381,John,Smith,3618 Wilson Harbor Suite 636,New Christinaland,Montana,63707,879-643-2803x3427
20262,Oscar,Ramirez,69287 Hernandez Gardens,Melendezfurt,South Dakota,1914,370.531.7718x781
13462,Bridget,Curtis,127 Peter Garden,Carlosville,Michigan,41873,555-359-9769x527
19906,Betty,Wilson,117 Stout Road Apt. 453,Jeffbury,Vermont,59470,+1-690-516-8348x95046
36484,Kathryn,Scott,371 Freeman Alley,West Sarah,New York,4014,-7771
75089,Nicholas,Reyes,297 Hahn Ramp Suite 788,Michaelland,Georgia,67255,+1-768-800-6670x345
85508,Dustin,Sullivan,923 Anderson Road Apt. 248,Port Christopher,Kentucky,17354,+1-617-229-5718x577
76958,David,Lewis,60959 Antonio Place Apt. 716,Smithtown,Nebraska,75607,001-613-697-4313
86830,Stacy,Perry,100 Greene Fields,North Anthonyside,Montana,35735,(881)099-4764x46369
95239,Brian,Anderson,4284 Glenn Ville Suite 505,West Alanport,Texas,69148,(608)316-9914
67834,Joshua,Ashley,13820 Smith Tunnel Suite 543,Lake Dana,Maryland,56304,320-262-4288x5187
36112,Paige,Hall,6084 Marshall Motorway,Phillipstad,Louisiana,9232,001-301-016-6512
58971,Jason,Hooper,57898 Stewart Haven,Annaborough,Connecticut,45098,001-381-369-1322x6085
48534,Laurie,Lewis,09828 Garcia Village,South Heatherside,New Jersey,8225,+1-490-197-2278x09566
60560,Gabriel,Gay,965 Jackson Meadows Apt. 768,Annaville,Alaska,64092,(565)721-3376
63318,Dillon,Collier,0264 White Ridges Apt. 499,Miguelstad,Utah,50424,+1-305-846-1689x1525
54937,Alfred,Olsen,50497 Schaefer Lock Apt. 164,South Jessica,Wyoming,24755,001-670-091-5908x992
33257,Ashley,Cooper,8976 Terry Viaduct Apt. 510,Davidport,Louisiana,71987,2433700188
39028,Claudia,Perry,00057 Willis Valley Suite 791,Williamsmouth,Maryland,19760,001-732-891-7122x39173
81967,Phillip,Malone,722 Stephanie Bypass,New Ethan,Pennsylvania,36376,(869)196-1386
31212,Stephen,Morse,6022 Mason River,Michelleville,Idaho,93819,390.327.2736x10307
89549,Paige,Anderson,929 Pineda Valleys,Lisaview,New Jersey,33462,+1-102-523-4693x335
44946,Eric,Costa,83730 Hampton Villages Apt. 907,West Ricky,South Carolina,58053,(283)923-7137x072
59173,Thomas,Hanson,7874 Robert View Suite 498,North Jessicafort,Connecticut,28425,(237)130-9675
81183,Johnny,Green,89712 Ferrell Well Apt. 985,West Kristenchester,Massachusetts,72324,001-848-016-0137
32869,James,Rush,5548 Smith Manors Apt. 448,Collinmouth,Arkansas,54538,(978)049-9279x4758
62829,Eddie,Phillips,10816 Theresa Manors Apt. 812,North Amandastad,Colorado,28635,700.374.6748
99857,Denise,Kelly,29825 Atkinson Forest Suite 619,North Laurenstad,Alaska,68476,(005)636-4663x63414
78865,Maureen,Hill,5189 Turner Crescent Apt. 572,Richardsontown,Utah,16198,001-204-762-7168x120
53539,Eric,Tate,32816 Reginald Rest,Shawnland,Alaska,77242,(864)134-7232
63514,David,Meza,00586 John Course Apt. 055,Port Justin,Florida,75960,614-490-8362x878
86957,Jonathan,Rodriguez,5430 Shawn Mews,West Pam,Nebraska,2348,001-906-466-7975
57546,Cheryl,Kaufman,32433 Walters Stravenue Suite 080,West Gabrielleshire,Wisconsin,77794,072-054-1751x943
74596,Benjamin,Mendoza,64911 Arthur Via,Ronaldburgh,Colorado,78092,(565)763-4053x43029
38192,Peggy,Brooks,08162 Thomas Lodge,East Veronica,Rhode Island,44872,553-003-8485x0441
16458,Karla,Cook,950 Michael Oval Apt. 348,Kristinfort,Oklahoma,55212,001-590-887-0317x796
79543,Dorothy,Adkins,98468 Holmes Drives,Christopherchester,Connecticut,69184,9077474247
32117,Nicole,Johnson,31064 Underwood Prairie Apt. 155,Laurieview,Vermont,58729,-9248
61232,Travis,Gutierrez,8998 Garcia Ports,Lake Stephanie,Wisconsin,33894,301.507.0005x877
35228,Phyllis,Stewart,121 Davis Rue,Riversbury,Nevada,22279,568.011.8170x6806
74000,Troy,Williams,685 James Place,East Amy,North Carolina,47438,+1-300-903-2297x950
61338,Benjamin,Deleon,953 Lopez Forge Apt. 994,East Williammouth,Vermont,2048,559-243-6219x2154
34425,Monique,Joyce,272 Burns Station,South Darrell,South Carolina,66458,008-630-6452x935
36918,Vincent,Gregory,281 David Plaza Apt. 089,Karenborough,Florida,86636,001-928-855-9989x6411
99168,Bethany,Ruiz,84063 Fields Valleys Suite 193,West David,New Hampshire,7912,+1-479-427-4088x85225
86688,Matthew,French,0626 Gary Track,Wagnerstad,Massachusetts,76326,(041)034-1563
16781,Michelle,Ross,358 Brown Mills Apt. 038,South Garystad,Georgia,84418,439.421.8398
25736,David,Walker,653 Kimberly Orchard Apt. 337,East Georgeshire,California,49437,+1-096-334-8897x0440
83619,Carlos,King,635 Gregory Well,New Maryburgh,Hawaii,61706,874.028.4597
60307,Joseph,Hampton,1231 Rhonda Green Suite 419,Charlesside,California,42875,153.887.1092
60706,Jason,Schmidt,042 Mitchell Fords,Anthonyfurt,Tennessee,74143,(182)494-2423
14495,Mark,Kelly,7016 Freeman Ville,North David,Georgia,44374,112-447-7902
27970,Timothy,Evans,03697 Cory Camp Suite 344,Katherinehaven,Florida,50443,001-975-309-1761x9093
50447,Wendy,Johnson,5142 Peters Wall,West Veronica,Tennessee,78332,+1-061-772-2064x29529
82628,Destiny,Ferguson,311 Russell Trail,Susanshire,Alabama,7217,040.455.3625
71794,Taylor,Munoz,36551 Wright Corner Apt. 357,North Ricardoton,Alabama,87552,001-316-697-5236x7561
13614,Hannah,Hunter,143 Harmon Burg Apt. 622,Angelafort,Rhode Island,91488,998.367.4010
44844,Blake,Hanna,989 Mackenzie Viaduct,Watkinsfurt,New Hampshire,33998,+1-967-021-4018x422
45272,Ernest,Garcia,210 Miller Harbors,Kristintown,New Hampshire,52531,761-461-4430x88834
23887,Lindsey,Stevens,9071 Tina Camp Apt. 889,Grahambury,New York,42500,(159)096-4896
79935,John,Kelly,6829 Jennifer Trail Suite 288,Johntown,Oklahoma,22739,389.622.7052
39968,Heather,Harper,687 Freeman Bridge,Susanside,California,17712,110.782.8219x0724
64899,Adam,Sanchez,0480 Coleman Island Suite 978,Chadland,Utah,4012,962-891-7128x412
36128,Jeremy,Taylor,2319 Jeremy Vista Suite 304,Michealville,Texas,17741,(636)217-0471x331
10799,Tiffany,Parker,48847 Rodriguez Mission Suite 077,Brownside,Missouri,90304,(763)051-7873x554
25023,Barbara,Romero,311 Alexander Stravenue,West Rachelborough,Kansas,95474,578.307.2015
37688,Betty,Luna,3804 Kyle Mountain,Bartonburgh,Ohio,25309,(577)475-5836x985
16470,Katherine,Holland,7882 Sarah Brooks Suite 780,North Joe,Massachusetts,66062,338-827-8845
58827,Megan,Lee,464 Villa Mountains,Jasminefurt,California,80777,+1-701-988-7218x3097
31992,Sandra,Baker,152 Michael Rue Apt. 623,Toddtown,Massachusetts,45821,(636)990-6294x10905
67380,Courtney,Alexander,81703 Novak Walk,Ingramchester,Delaware,1050,281-832-6432
63353,James,Walker,8073 Joseph Dam,Davidchester,North Carolina,60792,(999)714-2616x76279
29515,Jacqueline,Garcia,0670 Garner Parkway Apt. 648,Sethburgh,Louisiana,53349,2385933007
52392,Micheal,Walker,44200 Nathan Circle,Port Brandonport,Arizona,6653,001-444-464-7499x38624
12349,Harry,Dunn,692 Preston Orchard,North Kellystad,Indiana,88136,029-714-3971x288
98109,Michael,Warren,392 Michael Course Suite 861,Leahmouth,Ohio,25801,081.150.7564x681
19752,Cole,Johnson,629 Chandler Plaza,South Christine,Delaware,23058,918-790-6952x90779
97458,Erik,Brown,6819 Sara Turnpike,Wuland,Virginia,59311,1713404306
25598,Julia,Gibbs,60099 Connor Plains,South Samantha,South Carolina,82301,115-944-8682x38861
98548,Linda,Price,7095 Alexander Drives Suite 186,West Mark,Michigan,44258,(441)654-7048
86098,Nicole,Jennings,518 Chris Ports Suite 740,East Shaneborough,Missouri,22246,8629510399
80946,Robert,Rodriguez,86181 Cory Grove Suite 190,Joeland,Arkansas,45521,734-481-6008x324
48048,Jon,Lopez,9385 Susan Walks Suite 072,East Nicolas,Florida,52334,8960329984
65099,John,Adams,21845 Robert Fields Suite 060,South Andreachester,New York,53819,+1-192-577-4690x11880
20369,Bryan,Williams,338 Lopez Gateway,Port Johnfurt,California,85407,(442)626-8503x722
44024,Clifford,Baker,34430 Greene Stravenue Apt. 597,East Susanhaven,Kansas,14983,975.526.5410x740
76826,Cheryl,Dawson,29478 Daniel Harbors,Hernandezmouth,Oregon,82521,(485)942-7709
99471,Jennifer,Jenkins,1768 Tracy Dale Suite 268,East Elizabeth,Colorado,29451,+1-725-583-5454x07850
64549,Barbara,Golden,06431 Obrien Pike Apt. 862,Sylviaport,New Jersey,80090,2581149356
91446,Susan,Lewis,554 Allen Causeway,South Royfort,Wisconsin,76043,550.225.8562x4427
82457,Kristin,Wolf,1664 Heather Course,Davisfurt,Louisiana,5504,(136)515-3434
42540,Catherine,Jones,627 Jennifer Lights,North Joshua,Michigan,80033,244.157.5215x11371
61059,Amanda,Schaefer,92195 Laurie Highway Suite 136,Lake Karen,Maryland,53744,-9722
94165,Kimberly,Kelley,840 Maddox Route,New Theresa,Texas,73871,+1-711-593-1986x2132
72383,Kimberly,Clark,033 Mack Stream,West Benjaminshire,Utah,90393,303-436-5237x127
15369,Jacob,Sparks,37888 Daniel Lake,North Dianeland,Virginia,96974,(900)133-6078x910
48993,Julie,Roth,003 Wendy Divide Apt. 377,Lake Laurenside,Nevada,10094,001-604-379-1031x25851
25747,Michael,Hartman,85639 Tracy Burgs,Griffintown,California,13720,744587511
75680,April,Boyd,94427 Knox Gateway Suite 232,Larsonmouth,Pennsylvania,81183,+1-784-451-3882x96693
92023,Katelyn,Hernandez,10763 Kim Park Suite 331,Johnberg,New York,18025,630-152-4869x1884
58030,David,Fields,555 Obrien Fords,East Samuel,Nevada,37928,+1-204-172-6714x930
14816,Scott,King,1917 Smith Park Apt. 048,Jonathanshire,North Carolina,96355,(438)514-6058x8396
64529,Jessica,Prince,59423 Melissa Course Apt. 051,New Meganstad,Colorado,79493,-6762
45060,Stephanie,Chaney,06490 Paul Creek,West Kennethport,Maryland,4132,+1-063-443-4533x523
32952,Krista,Young,77859 Avila Hollow,South Darryl,West Virginia,88077,7094347323
34689,Lisa,Ellis,24588 Lori Ford,Watkinsview,Montana,39218,628-668-7120x69397
46704,Brandon,Pollard,82470 Nichols Crossing Apt. 480,Villaland,Arizona,20965,001-992-492-8724x569
17878,David,Khan,596 Evans Lakes Apt. 980,Michaelbury,Louisiana,80626,046.797.0976
50983,Julia,Morris,0404 Stephanie Estate Apt. 907,Christopherberg,Nebraska,76586,422.612.3640
97533,Maria,Fisher,696 Matthew Causeway,West Erica,Illinois,96759,5785430870
89071,Jennifer,Rowe,925 Christopher Row,Port Kevin,Vermont,38223,001-372-261-9793x34779
81571,Laura,Li,90275 Erika Path Apt. 533,Matthewhaven,Pennsylvania,81452,001-789-706-6831x74540
74038,Brian,Roberts,871 John Corner Suite 209,South Meghan,Delaware,59903,122.724.5995
31529,Candace,Morales,3172 Kara Parks,Port Rachel,South Dakota,59301,928.590.4812x75588
67411,Edward,Dominguez,3386 Vasquez Crest,West Ann,Michigan,81187,273.695.4193
60464,Sarah,Porter,119 Luis Drives,Brownside,California,62983,805-898-8958
59088,Breanna,Jones,52688 Carter Dale,North Melissamouth,North Dakota,64996,+1-067-187-2783x65354
33086,Tanner,Thomas,07984 Wright Mountain Suite 409,Port Jacob,South Dakota,33329,(028)401-3219
40875,Eric,Cervantes,16535 Heather Way,South Michaelview,Michigan,42533,(360)008-6455x5902
98244,Kathryn,Browning,602 Randy Mission Apt. 764,Lake Michaelmouth,Maine,97929,8605503374
64627,Jessica,Huff,0704 Hickman Course Suite 385,South Savannah,Indiana,8434,754.516.5834x87245
78172,Robert,Ramirez,4798 Mason Ports,Lake Ericview,Arizona,61992,997.235.4575x842
90505,Melissa,Bryant,024 Cummings Springs,Lake Rebeccaborough,Colorado,25970,+1-131-076-6397x645
80640,Brian,Hall,58454 French Via Suite 717,Fergusonmouth,Pennsylvania,53056,651.596.0925
85002,Megan,Adams,04925 Gonzalez Village,Port Stephanie,Nebraska,4895,001-401-843-2547x37264
65150,Lori,Anderson,3182 Nichols Place,South Wendychester,South Dakota,49034,(801)646-1203
35735,Erin,Jones,48092 Julie Stream Apt. 536,Lake Jennifer,New Jersey,82364,+1-258-005-4237x22945
20488,Samantha,Hodges,62946 Richmond Course Suite 449,Sullivanhaven,Indiana,16078,(959)505-7084x886
27800,Cynthia,Robertson,46987 Fisher Well,Hicksmouth,Oklahoma,21106,105.660.3852x687